[
  {
    "id": "8a1ce49e-f3ad-4123-908d-cc37b99c774d",
    "data": [
      {
        "text": "done ordering it",
        "userDefined": false
      }
    ],
    "isTemplate": false,
    "count": 0,
    "lang": "en",
    "updated": 0
  },
  {
    "id": "92240813-6208-4eff-b272-943b6059c946",
    "data": [
      {
        "text": "that\u0027s all i need",
        "userDefined": false
      }
    ],
    "isTemplate": false,
    "count": 0,
    "lang": "en",
    "updated": 0
  },
  {
    "id": "29e4763f-323e-4d26-bdf0-e9b0638350b7",
    "data": [
      {
        "text": "done",
        "userDefined": false
      }
    ],
    "isTemplate": false,
    "count": 0,
    "lang": "en",
    "updated": 0
  },
  {
    "id": "9896b9fa-d03f-4351-ae85-6d7d6bbe48df",
    "data": [
      {
        "text": "placed",
        "userDefined": false
      }
    ],
    "isTemplate": false,
    "count": 0,
    "lang": "en",
    "updated": 0
  },
  {
    "id": "fd15c67d-1c56-4678-a829-2bfdbf957b16",
    "data": [
      {
        "text": "i am done ordering",
        "userDefined": false
      }
    ],
    "isTemplate": false,
    "count": 0,
    "lang": "en",
    "updated": 0
  },
  {
    "id": "59418b75-8ea2-4d13-b124-813dadce017f",
    "data": [
      {
        "text": "thats it",
        "userDefined": false
      }
    ],
    "isTemplate": false,
    "count": 0,
    "lang": "en",
    "updated": 0
  },
  {
    "id": "7f3b1965-5b42-40b1-a7ce-b9b334e8bf73",
    "data": [
      {
        "text": "That\u0027s it",
        "userDefined": false
      }
    ],
    "isTemplate": false,
    "count": 0,
    "lang": "en",
    "updated": 0
  },
  {
    "id": "bc9b8b37-de33-4002-a52e-e505dc0b437e",
    "data": [
      {
        "text": "No",
        "userDefined": false
      }
    ],
    "isTemplate": false,
    "count": 0,
    "lang": "en",
    "updated": 0
  },
  {
    "id": "10b89f69-c091-4a8e-b2b5-adb31a27159e",
    "data": [
      {
        "text": "Nope",
        "userDefined": false
      }
    ],
    "isTemplate": false,
    "count": 0,
    "lang": "en",
    "updated": 0
  }
]