[
  {
    "id": "d1f02998-2d0e-4b28-9dbe-57b2ad3304f8",
    "data": [
      {
        "text": "track existing order",
        "userDefined": false
      }
    ],
    "isTemplate": false,
    "count": 0,
    "lang": "en",
    "updated": 0
  },
  {
    "id": "d4f73115-cca1-4b38-93c1-39e803e1aea0",
    "data": [
      {
        "text": "I\u0027d like you to check the status of my order.",
        "userDefined": false
      }
    ],
    "isTemplate": false,
    "count": 0,
    "lang": "en",
    "updated": 0
  },
  {
    "id": "c740ccee-afb4-44d9-bd42-a91b09573a87",
    "data": [
      {
        "text": "track order",
        "userDefined": false
      }
    ],
    "isTemplate": false,
    "count": 0,
    "lang": "en",
    "updated": 0
  },
  {
    "id": "85fa85e0-66fb-4dec-8c06-f95335a975b1",
    "data": [
      {
        "text": "Please help me track my order.",
        "userDefined": false
      }
    ],
    "isTemplate": false,
    "count": 1,
    "lang": "en",
    "updated": 0
  }
]